Site Type,Recorded Sites
unknown,16830
rural domestic house,1601
rural domestic scatter,1221
untyped historic scatter,1003
rural domestic farmstead,880
private cemetery,370
rural domestic untyped structure,277
school,208
cemetery,150
home industrypottery_traditional earthenware and-or stoneware,105
militarylong term encampment,88
rural domestic barn,80
militaryshort term encampment,74
dump,72
"rural domestic house, well",71
road,63
Urban domestic house,60
"rural domestic house, cistern",57
"rural domestic house, untyped structure",55
militaryearthwork_entrenchment,51
iron furnace,47
moonshine still,42
militaryfrontier station,42
"rural domestic house, barn",41
untyped stone structure,39
public cemetery,38
bridge,36
"rural domestic farmstead, well",35
millgrist,34
rock shelter,33
rock sheltermoonshine still,31
"rural domestic house, private cemetery",27
rural domestic cistern,27
rural domestic plantation,26
rural domestic well,25
"rural domestic farmstead, cemetery",24
isolated grave,24
mineiron ore,24
"potteryTransitionalional stoneware, factory stoneware, or other factory ware",23
church,23
rural domestic springhouse,22
stone quarry,22
rural domesticmultiple features,22
millindeterminate,22
millsaw,19
fish weir,18
rock sheltersaltpeter,17
store,17
"rural domestic house, farmstead, barn",16
Urban domestic,16
town,16
rr spur,15
mineindeterminate,15
home industryblacksmith shop,15
abandoned town,15
"rural domestic farmstead, cistern",14
publicCCC camp,13
commercial,13
boat landing,13
"rural domestic farmstead, private cemetery",13
"rural domestic farmstead, barn",12
"rural domestic house, well, cistern",11
"militaryfort, earthwork, entrenchment, long term encampment",11
rr bridge,11
"militaryfort, earthwork, entrenchment, large battlefield",11
"millgrist, mill_saw",10
"rural domestic house, cemetery",10
"rural domestic house, well, untyped structure",10
"militaryfort, earthwork, redoubt, rr guard post",9
home industrygunsmith,9
"militaryfort, earthwork, entrenchment, short term encampment",9
commercialinn,9
military,9
industrial,9
lumbering operation,9
home industrybrick kiln,9
iron forge,8
"iron furnace, iron forge",8
militaryearthwork_redoubt,8
cave,8
"road, bridge",8
other,8
"militarymultiple features, rural domestic house",8
"rural domestic house, springhouse",8
"rural domestic scatter, road",7
"militaryearthwork, long term encampment",7
minecoal,7
"rural domestic house, barn, well",7
"rural domestic farmstead, dump",6
brickmaking,6
lock-dam,6
"rural domestic untyped structure, road",6
"militaryblockhouse, rr guard post",6
militaryairfield,6
"militaryfort, earthwork, entrenchment, rr guard post",6
"rural domestic house, cistern, untyped structure",6
"rural domestic well, untyped structure",6
public,6
"rural domestic house, farmstead, untyped structure",6
cavesaltpeter,6
militaryfort,6
ferry,6
"industrial, lime kiln",5
stone wall,5
"rural domestic house, home industrypottery",5
"rural domestic house, farmstead",5
"rural domestic house, barn, untyped structure",5
"commercialstore, rural domestic house",5
"school, church",5
"rural domestic farmstead, untyped structure",5
"rural domestic farmstead, springhouse",5
"church, cemetery",5
militaryearthwork_artillery emplacement,5
"militaryfrontier station, rural domestic house",4
"rural domestic house, barn, cistern",4
"militaryheadquarters, rural domestic house",4
militarysmall battlefield,4
"rural domestic scatter, dump",4
"rural domestic house, dump",4
"industrial, blacksmith shop",4
"militaryshort term hospital, rural domestic house",4
"rural domestic house, farmstead, barn, well",4
"rural domestic farmstead, home industrypottery",4
"rural domestic scatter, cemetery",4
militaryearthwork,4
"rural domestic house, ferry",4
militaryboat wreck,4
"rural domestic cistern, untyped structure",4
"iron furnace, company town",4
publicpost office,4
militaryblockhouse,4
"rural domestic farmstead, house, cistern",4
"militaryfrontier station, mill_grist",4
"rural domestic scatter, private cemetery",4
"militarylarge battlefield, long term encampment",4
rural domestic untyped stone structure (piles),4
potterytraditional earthenware and-or stoneware,4
"millindeterminate, rural domestic farmstead",4
boat wreck,4
minegold,4
camp meeting,4
"commercialstore, public_post office",4
"school, mission",4
"mineiron ore, furnace",4
"rural domesticmultiple features, private cemetery",4
"militarysmall battlefield, short term encampment",3
"rural domestic farmstead, barn, untyped structure",3
health spa,3
rock shelterstill,3
"rural domestic farmstead, road",3
"millgrist, rural domestic house",3
"rural domestic barn, cistern",3
"militaryblockhouse, earthwork, rr guard post",3
"rural domestic farmstead, springhouse, untyped structure",3
"militarypost, airfield",3
publicpump house,3
"militaryshort term encampment, headquarters, rural domestic plantation",3
"boat landing, ferry",3
militaryearthwork_lunette,3
grist mill,3
"militarylong term hopsital, church",3
militaryrr guard post,3
"rural domestic untyped structure, untyped historic scatter",3
"militaryearthwork, entrenchment, artillery emplacement, large battlefield, long term encampment",3
militaryearthwork_redan,3
"militaryshort term encampment, airfield",3
"militaryearthwork, rr guard post",3
home industrycotton gin,3
"militarylong term encampment, mill_grist",3
"commercialstore, Urban domestic house",3
"rural domestic scatter, untyped structure",3
"rural domestic house, farmstead, springhouse",3
"rural domestic farmstead, ferry",3
"militaryearthwork, entrenchment, redan",3
cavepetroglyph,3
home industrytanyard,3
"mineiron ore, rural domestic scatter",3
"militaryblockhouse, rr guard post, small battlefield",3
"town, cemetery",3
tollgate,3
"rural domestic house, road",3
"commercialpottery_art, late art-early studio",3
"commercialinn, health spa",3
"rural domestic house, barn, cistern, untyped structure",3
"militaryfrontier station, blockhouse, small battlefield",3
"rural domestic plantation, private cemetery",3
"rural domesticmultiple features, dump",2
"militaryentrenchment, long term encampment",2
"militarymuster grounds, short term encampment",2
"rural domestic house, farmstead, barn, cemetery",2
"millgrist, rural domestic farmstead",2
"rural domestic house, farmstead, barn, cistern",2
"militaryredan, rr guard post, long term encampment",2
"militaryearthwork, lunette, long term encampment",2
"rural domestic, untyped stone structure (pile)",2
"rural domestic house, farmstead, cistern, untyped structure",2
minesaltpeter,2
"militaryredoubt, rr guard post, long term encampment",2
"rural domestic house, farmstead, well",2
"rural domestic house, check dam",2
"rural domestic scatter, springhouse",2
"militaryentrenchment, rr guard post, long term encampment",2
"militarylong term encampment, abandoned town",2
"rural domestic farmstead, millsaw",2
"rural domestic farmstead, isolated grave",2
"militarylong term encampment, headquarters, rural domestic plantation",2
"militarylong term encampment, headquarters, Urban house",2
"millsaw, rural domestic house",2
"militarylong term encampment, camp meeting",2
"miltarylong term hospital, commercial",2
"rural domestic farmstead, plantation",2
"militaryfrontier station, stockade",2
"untyped stone structure, untyped historic scatter",2
millstave,2
"militaryinternment center, CCC camp",2
"militarylarge battlefield, short term encampment",2
"rural domestic farmstead, blacksmith shop",2
"militarylong term encampment, internment center",2
"militaryfrontier station, cemetery",2
"militaryfort, earthwork",2
"millindeterminate, rural domestic untyped structure",2
"rural domestic house, barn, well, untyped structure",2
"cave, rock shelter",2
"militaryfort, earthwork, entrenchment, small battlefield",2
"millindeterminate, check dam",2
stone mound,2
"rural domestic house, barn,  private cemetery",2
"rural domestic farmstead, well, untyped structure",2
"rural domestic barn, untyped structure",2
"militarylong term encampment, short term hospital, headquarters, rural domestic plantation",2
"rural domestic farmstead, springhouse, private cemetery",2
"rural domestic farmstead, road, bridge",2
academy,2
"rural domestic farmstead, public cemetery",2
"militaryfrontier station, blockhouse",2
"rural domestic house, farmstead, well, cistern",2
"militaryearthwork, entrenchment, redoubt",2
"militaryearthwork, entrenchment, artillery emplacement",2
"militaryartillery emplacement, large battlefield, long term encampment",2
"nailery, rolling mill",2
militaryUS Indian Agency,2
"militaryshort term encampment, headquarters, rural domestic house",2
"rural domestic untyped structure, bridge",2
"rural domestic house, farmstead, well, untyped structure",2
millcotton,2
gold mine (pits and spoil piles),2
rural domestic untyped stone structure (pile),2
iron ore processing,2
"rural domestic untyped stone structure (fence), road",2
"iron furnace, lock-dam",2
rural domestic untyped stone structure,2
"iron furnace, dump",2
iron foundry,2
"iron forge, lock-dam",2
"militaryshort term hospital, church, public cemetery",2
"industrial, untyped historic scatter",2
"militarystockade, rr guard post",2
"militarystockade, fort",2
"industrial, lumbering operation, company town",2
"industrial, lumbering operation",2
"rural domestic springhouse, untyped structure",2
"industrial, cobbling shop",2
"industrial, bottling plant",2
public and private cemetery,2
"home industryblacksmith shop, wagonmaking shop",2
"rural domestic scatter, isolated grave",2
"militarysmall battlefield, long term encampment",2
"militarysmall battlefield, long term encampment, headquarters, rural domestic house",2
"millgrist, home industry_blacksmith shop",2
explosive magazine-non-military,2
"militaryshort term encampment, headquarters, rural domestic farmstead",2
militarycemetery,2
"rural domestic house, isolated grave (unconfirmed)",2
"rural domestic house, isolated grave",2
"rural domestic house, moonshine still",2
"militaryshort term encampment, earthwork, entrenchment",2
"militaryblockhouse, earthwork, entrenchment, rr guard post, long term encampment",2
"commercialstore, rural domestic farmstead",2
"rural domestic house, home industryblacksmith shop",2
"militaryblockhouse, entrenchment, rr guard post",2
"miltaryheadquarters, military_post",1
"rock shelter, untyped structure",1
"mineiron ore, rural domestic untyped structure",1
"rock shelter, moonshine still",1
"publicCCC camp, dump",1
"moonshine still, springhouse",1
"miltaryshort term hospital, public_courthouse",1
"publicCCC camp, rural domestic farmstead",1
"minecoal, company town",1
"moonshine still, untyped historic scatter",1
"rock shelter, rural domestic springhouse",1
"rural domestic barn, untyped structure (stone wall)",1
"post office, rural domestic house, cistern, untyped structure",1
"private cemetery, rural domestic scatter",1
minesulphur,1
"post office, rural domestic house",1
"rural domestic barn, springhouse, untyped structure",1
"post office, rural domesticmultiple features",1
"private cemetery, warehouse",1
"rural domestic farmstead, barn, road",1
"rural domestic farmstead, abandoned town, road",1
"miltaryinternment center, cemetery",1
"miltaryinternment center, military_post",1
"rock shelter, rural domestic scatter",1
"powerhouse, dam, flume",1
"rock shelter, road",1
"private cemetery, isolated grave",1
"miltarylong term hospital, fraternal organization",1
rock shelterpetroglyph,1
"potterytraditional earthenware and-or stoneware, iron_furnace",1
"private cemetery, untyped historic scatter",1
"miltaryshort term hospital, headquarters",1
"rural domestic farmstead, barn, millgrist",1
"public, other",1
"miltaryshort term hospital, other",1
"rock shelter, petroglyph",1
"rural domestic barn, private cemetery",1
"mineiron ore, furnace, company town",1
"religiouschurch, camp meeting, school, parsonage",1
mound complex,1
parsonage,1
"mineindeterminate, furnace, ore processing",1
non-military explosive magazine,1
"road, isolated grave",1
"road, other",1
"rr depot, rr spur",1
"mineindeterminate, road",1
"mineindeterminate, rural domestic house, barn, well",1
rr depot,1
"road, rural domestic untyped structure (privy)",1
"mineiron ore, forge, ore processing",1
"road, tollgate",1
"mineiron ore, road",1
"mineiron ore, furnace, forge, company town",1
rolling mill,1
"rockshelter, lumbering operation",1
pictograph,1
"railroad bridge, coal tipple",1
"minecoal, rural domestic house, farmstead, barn",1
"mineindeterminate, commercial_tavern",1
publiccounty-city office,1
"rock sheltersaltpeter, moonshine still",1
"rural domestic barn, cemetery",1
publiccourthouse,1
"rural domestic barn, boat landing",1
"road, untyped historic scatter",1
"rural domestic farmstead, barn, untyped structure, untyped stone structure (piles, walls), check dam",1
"minegold, rural domestic farmstead",1
"publicpump house, reservoir",1
"mineiron ore, rural domestic farmstead",1
"rock sheltersaltpeter, petroglyph",1
publicreservoir,1
railroad berm,1
railroad bridge,1
rural domestic,1
"rr spur, rr bridge",1
"rr spur, explosive magazine non-military",1
"CCC camp, rural domestic untyped structure, road",1
"rural domestic house, farmstead, barn, cellar",1
"rural domestic farmstead, blacksmith shop, road",1
"rural domestic untyped structure, ferry",1
"rural domestic springhouse, well",1
rural domestic untyped stone feature (piles),1
rural domestic untyped stone feature (wall),1
"rural domestic untyped stone features (fence, retaining walls, retention dam)",1
"rural domestic untyped stone structure (piles, walls), check dams",1
rural domestic untyped stone structure (stone pile),1
"rural domestic untyped structure, cemetery",1
"rural domestic untyped structure, private cemetery",1
"rural domestic springhouse, private cemetery",1
"rural domestic untyped structure, public cemetery",1
"rural domestic untyped structure, rr spur",1
"rural domestic untyped structure, school",1
"rural domestic untyped structure, store",1
"rural domestic well, bridge",1
"rural domestic well, road",1
"rural domestic well, tollgate",1
"rural domestic springhouse, untyped structure, road",1
"rural domestic springhouse, home industryblacksmith shop",1
"rural domestic farmstead, boat landing, shipyard",1
"rural domestic scatter, millindeterminate",1
"rural domestic scatter,  untyped structure (stone wall), road",1
"rural domestic scatter, cemetery (military?), ferry",1
"rural domestic scatter, cemetery, road",1
"rural domestic scatter, cistern",1
"rural domestic scatter, cistern, untyped structure",1
"rural domestic scatter, home industry",1
"rural domestic scatter, house, school, well",1
"rural domestic scatter, petroglyph",1
"rural domestic scatter, untyped structure, road",1
"rural domestic scatter, road, dump",1
"rural domestic scatter, untyped stone feature (cobble foundation and piles)",1
"rural domestic scatter, untyped stone structure",1
"rural domestic scatter, untyped stone structure (fence, road",1
"rural domestic scatter, untyped stone structure (piles, walls), check dam",1
"rural domestic scatter, untyped stone structure (wall)",1
"rural domestic scatter, untyped structure (stone fence)",1
"rural domestic, barn, blacksmith shop",1
"rural domestic, check dam",1
"rural domestic, fish weir",1
"town, abandoned town",1
"stone quarry, rural domestic house, public cemetery",1
"store, rural domestic house, well",1
"store, rural domesticmultiple features, cemetery",1
"store, tavern, warehouse, office, Urban house, rr spur, rr bridge, dump",1
"tavern, inn, city office, post office, rural domestic farmstead, road",1
"tavern, inn, isolated grave",1
"tobacco factory, rural domesticmultiple features",1
"town, rural domesticmultiple features, cemetery",1
"rural domestic, road",1
transportation,1
university,1
untyped historic scatter (3 minnie balls),1
untyped historic scatter (CW period button and pocket watch case),1
"untyped historic scatter (patent medicine bottle frags, purple)",1
"untyped stone structure, moonshine still",1
untyped structure,1
"stone quarry, rural domestic farmstead",1
"stone quarry, road, dump",1
"stone quarry, Urban domestic, road, bridge, untyped structure",1
"school, well",1
"rural domestic, rr spur",1
"rural domestic, untyped structure, cemetery",1
"rural domestic, untyped structure, dump",1
"rural domestic, untyped structure, road",1
"rural domesticmultiple features, blacksmith shop",1
"rural domesticmultiple features, brick kiln, road",1
"rural domesticmultiple features, bridge",1
"rural domesticmultiple features, cemetery",1
"rural domesticmultiple features, mine_indeterminate, private cemetery, road",1
"rural domesticmultiple features, private cemetery, rr spur",1
"rural domesticmultiple features, rock shelter, religious",1
"sawmill, rural domestic scatter",1
"school, church, rural domestic untyped structure",1
"school, private cemetery",1
"school, springhouse",1
"rural domestic plantation, road",1
"rural domestic plantation, private cemetery, military short term encampment",1
"rural domestic plantation, military, inn, university",1
"rural domestic house, barn, springhouse, well, cistern, untyped structure, inn, university",1
"rural domestic farmstead, springhouse, road",1
"rural domestic farmstead, store",1
"rural domestic farmstead, tavern, shipyard",1
"rural domestic farmstead, untyped structure, road",1
rural domestic fence or miltary breastworks,1
"rural domestic house, barn, road",1
"rural domestic house, barn, springhouse",1
"rural domestic house, barn, well, cistern",1
"rural domestic house, farmstead,  private cemetery",1
"rural domestic house, blacksmith shop",1
"rural domestic house, bridge",1
"rural domestic house, cave",1
"rural domestic house, cellar, cistern, untyped structure, road, check dam, sorghum mill",1
"rural domestic house, cistern,  private cemetery",1
"rural domestic house, cistern, military earthwork, hospital, headquarters",1
"rural domestic house, cistern, untyped stone structure (piles)",1
"rural domestic farmstead, springhouse, dump",1
"rural domestic farmstead, rock shelter",1
"rural domestic farmstead, rendering vat",1
"rural domestic farmstead, private cemetery, store",1
"rural domestic farmstead, brickmaking",1
"rural domestic farmstead, bridge",1
"rural domestic farmstead, cemetery, millindeterminate",1
"rural domestic farmstead, cistern, cotton gin",1
"rural domestic farmstead, ferry, road",1
"rural domestic farmstead, gunsmith",1
"rural domestic farmstead, home industryblacksmith shop",1
"rural domestic farmstead, house",1
"rural domestic farmstead, house, barn, cistern, untyped structure, untyped stone structure, cellar, check dam",1
"rural domestic farmstead, house, barn, untyped stone structure (stone piles and walls), cellar, check dams",1
"rural domestic farmstead, mill",1
"rural domestic farmstead, mineindeterminate",1
"rural domestic farmstead, plantation, cistern",1
"rural domestic farmstead, private cemetery, ferry",1
"rural domestic farmstead, private cemetery, military",1
"rural domestic house, cistern, untyped stone structure (piles), check dams",1
"rural domestic house, farmstead,  public cemetery",1
"rural domestic plantation, cistern",1
"rural domestic house, untyped structure, cellar, militaryfrontier station (unconfirmed)",1
"rural domestic house, springhouse, cistern, untyped structure, road",1
"rural domestic house, springhouse, untyped structure",1
"rural domestic house, tanyard",1
"rural domestic house, tollgate",1
"rural domestic house, untyped stone structure",1
"rural domestic house, untyped stone structure (piles)",1
"rural domestic house, untyped structure (cellar)",1
"rural domestic house, untyped structure, cemetery",1
"millwoolen, rural domestic house",1
"rural domestic house, untyped structure, cistern, cellar, check dam, untyped stone structure",1
"rural domestic house, well, cistern, untyped structure",1
"rural domestic house, well, private cemetery",1
"rural domestic house, well, untyped structure, road",1
"rural domestic plantation, barn, well, private cemetery",1
"rural domestic plantation, boat landing",1
"rural domestic plantation, cemetery",1
"rural domestic house, springhouse, cistern",1
"rural domestic house, railroad spur, road",1
"rural domestic house, plantation, barn, springhouse",1
"rural domestic house, moonshine still, private cemetery",1
"rural domestic house, farmstead, barn, private cemetery, public cemetery, militaryshort term encampment",1
"rural domestic house, farmstead, barn, well, cistern, untyped structure",1
"rural domestic house, farmstead, cistern",1
"rural domestic house, farmstead, millgrist",1
"rural domestic house, farmstead, springhouse, untyped structure",1
"rural domestic house, farmstead, state capitol",1
"rural domestic house, farmstead, untyped stone structure (fence)",1
"rural domestic house, farmstead, well, untyped structure, private cemetery",1
"rural domestic house, ferry, boat wreck",1
"rural domestic house, ferry, road",1
"rural domestic house, home industrycotton gin",1
"rural domestic house, home industrymoonshine still",1
"rural domestic house, home industrysorghum mill",1
"rural domestic house, lime kiln, private cemetery",1
"rural domestic house, millsaw",1
"miltaryheadquarters, earthwork",1
"militaryshort term hospital, rural domestic farmstead",1
millwoolen,1
"industrial, town, warehouse",1
"industrialpottery, commercial_pottery",1
"inn, abandoned town, rural domestic house, dump",1
"iron furnace, iron foundry",1
"iron furnace, untyped historic scatter",1
iron nailery,1
"ironfoundry, store, tavern, inn, post office, rr depot",1
"ironfurnace, boat landing",1
"ironfurnace, brick kiln, lock-dam",1
"jail, mental hospital, rural domestic farmstead, public cemetery",1
lock/dam,1
"lumbering operation, church, Urban domestic house",1
"lumbering operation, cistern, other",1
"lumbering operation, company town",1
"lumbering operation, dump, untyped historic scatter",1
"lumbering operation, untyped historic scatter",1
"medicalclinic, cotton gin",1
"medicalmental hospital, rural domestic farmstead, private cemetery",1
"military frontier station, headquarters, rural domestic farmstead",1
military long term encampment,1
"industrial, warehouse, boat landing",1
"industrial, rural domestic house",1
"military, abandoned town, rural domesticmultiple features",1
"industrial, rr depot, rural domestic house, cistern",1
"home industryfurniture shop, tanyard, rural domestic house",1
"home industrygunsmith, Urban domestic house",1
"home industrygunsmith, rural domestic farmstead",1
"home industrygunsmith, rural domestic house",1
"home industrygunsmith, rural domestic house, farmstead, well",1
"home industrymoonshine still, check dam",1
"home industrypottery, iron_furnace, forge",1
"home industrypottery, rural domestic farmstead, private cemetery",1
"home industrypottery, rural domestic house",1
"home industrypottery, rural domestic house, farmstead",1
home industrysaddlery,1
home industrywagonmaking shop,1
"homeindustry_pottery, rural domestic farmstead, private cemetery",1
"hotel, springhouse",1
"industrial, Urban, rr spur",1
"industrial, distillery",1
"industrial, dump",1
"industrial, lumbering operation, blacksmith shop",1
"industrial, military",1
military training area,1
"military, commercial",1
"home industryblacksmith shop, store, rural domestic house",1
"militaryearthwork, artillery emplacement, small battlefield",1
"militaryearthwork, entrenchment, artillery emplacement, university",1
"militaryearthwork, entrenchment, cemetery",1
"militaryearthwork, entrenchment, headquarters, rural domestic house",1
"militaryearthwork, entrenchment, large battlefield",1
"militaryearthwork, entrenchment, long term encampment",1
"militaryearthwork, entrenchment, long term encampment, private cemetery",1
"militaryearthwork, entrenchment, long term encampment, rural domestic house",1
"militaryearthwork, entrenchment, priest cap",1
"militaryearthwork, entrenchment, rural domestic house, farmstead",1
"militaryearthwork, entrenchment, rural domestic plantation, road",1
"militaryearthwork, entrenchment, short term encampment, private cemetery",1
"militaryearthwork, large battlefield, long term encampment",1
"militaryearthwork, redoubt, rr guard post, long term encampment, headquarters",1
"militaryearthwork, small battlefield",1
"militaryearthwork, small battlefield, long term encampment",1
militaryearthwork_,1
"militaryearthwork_artillery emplacement, large battlefield, long term encampment, road, cemetery",1
"militaryearthwork_entrenchment, Urban domestic house",1
"militaryearthwork_entrenchment, short term encampment, ferry, road",1
"militaryearthwork, entrenchment",1
"militarycemetery, small battlefield",1
"military, commercialoffice",1
"militaryblockhouse, stockade, rr guard post, long term encampment, mill_saw, rural domestic house",1
"military, industrial",1
"military, industrialfoundry",1
"militaryUS Indian Agency, fort",1
"militaryUS Indian Agency, fort, cemetery",1
"militaryartillery emplacement, short term encampment",1
"militaryblockhouse, earthwork",1
"militaryblockhouse, earthwork, headquarters",1
"militaryblockhouse, entrenchment, redoubt, long term encampment, signal station, explosive magazine",1
"militaryblockhouse, entrenchment, redoubt, rr guard post, long term encampment",1
"militaryblockhouse, entrenchment, redoubt, rr guard post, small battlefield, long term encampment, mill_saw, company town, cemetery, ferry",1
"militaryblockhouse, entrenchment, small battlefield",1
"militaryblockhouse, ferry",1
"militaryblockhouse, long term encampment, Urban, bridge",1
"militaryblockhouse, long term encampment, ferry, bridge",1
"militaryblockhouse, redoubt, rr guard post, long term encampment",1
"militaryblockhouse, rr guard post, small battlefield, long term encampment",1
"militaryblockhouse, stockade, entrenchment, rr guard post, long term encampment",1
"militaryblockhouse, stockade, fort, rr guard post, long term encampment, headquarters, rr bridge",1
"militaryblockhouse, stockade, long term encampment, internment center",1
home industryfurniture shop,1
"home industryblacksmith shop, rural domestic scatter, cemetery",1
"militaryentrenchment, artillery emplacement, large battlefield",1
"blacksmith shop, rural domestic house",1
"boat landing, cistern, untyped structure",1
"boat landing, rr spur",1
"boat wreck, other",1
"bottling plant, pump house",1
"bottling plant, store, tavern, boarding house, pharmacist's office",1
"bottling plant, well, cistern",1
brick kiln,1
"brickmaking, church, Urban domestic house, public cemetery, rr depot-spur-bridge, road, bridge, other",1
"bridge, untyped historic scatter",1
"camp meeting, cemetery",1
"cave, stone quarry, springhouse",1
"cave, stone wall",1
cavemoonshine still,1
"cavesaltpeter, grist mill, military long term encampment",1
"cavesaltpeter, military",1
"cavesaltpeter, pictograph",1
cavesaltpeter_moonshine still,1
cavestill,1
"cemetery, untyped historic scatter",1
boarding house,1
"blacksmith shop, rural domestic farmstead, cistern, untyped structure",1
"check dam, untyped historic scatter",1
blacksmith shop,1
Fish weir,1
Mine-Phosphate,1
"Public cemetery, military cemetery",1
Rural domestic untyped structure,1
"Urban domestic house, commercial",1
"Urban domestic house, isolated grave",1
"Urban domestic house, military",1
"Urban domestic house, private cemetery",1
"Urban domestic house, rr depot",1
Urban domestic scatter,1
"Urban domestic, abandoned town, cemetery",1
"Urban domestic, dump",1
"Urban domestic, home industrypottery",1
"Urban domestic, militaryshort term encampment",1
"Urban house, military",1
"abandoned town, health spa, rural domestic scatter",1
"abandoned town, house, well, road",1
"abandoned town, private cemetery",1
"abandoned town, rural domestic plantation, cemetery",1
check dam and bridge,1
"church, Urban domestic house",1
"home industryblacksmith shop, other",1
commercialtavern,1
"courthouse, well",1
"doctor's office, rural domestic scatter",1
"dump, untyped historic scatter",1
educational,1
"explosive magazine (non-military), ferry, road",1
"feed mill, commercialstore, warehouse, school, town, boat landing",1
"ferry, road",1
gold mine complex,1
"grist mill, rural domestic house",1
"grist mill, rural domestic house, barn",1
"grist mill, rural domestic house, farmstead, barn, well",1
historic petroglyph,1
"historic rockshelter, isolated grave, moonshine still",1
historic untyped stone structure,1
home industry,1
"home industry, rural domestic farmstead",1
"home industry, rural domestic untyped structure",1
"home industryblacksmith shop, commercial_store",1
"home industryblacksmith shop, farmstead, cemetery",1
"commercialtavern, inn",1
"commercialstore, tavern, inn, office, Urban house",1
"church, mission",1
"commercialstore, tavern, boarding house, Urban house",1
"church, school",1
"church, school, cemetery",1
"city office, school, hospital, cistern, military long term encampment and hospital",1
"commercial, military, other",1
"commercial, road, other",1
"commercial, rr spur",1
"commercial, rural domestic house",1
"commercial, rural domestic untyped structure",1
commercialboarding house,1
"commercialoffice, rural domestic house",1
"commercialpottery, school",1
"commercialpottery, school, church, parsonage, rural domestic farmstead, cemetery",1
"commercialstore, boarding house, inn, Urban house",1
"commercialstore, boat landing, ferry",1
"commercialstore, church, Urban house",1
"commercialstore, public_reservoir",1
"commercialstore, rural domestic house, well, untyped structure",1
"commercialstore, rural domestic untyped structure",1
"commercialstore, school",1
"militaryentrenchment, artillery emplacement, ferry, rural domestic house",1
"militaryentrenchment, large battlefield, cemetery, rural domestic farmstead",1
millsorghum,1
"militaryshort term encampment, rural domestic house, airfield",1
"militaryshort term encampment, rural domestic plantation, brick kiln, isolated grave",1
"militaryshort term encampment, rural domestic plantation, private cemetery",1
"militaryshort term encampment, short term hospital",1
"militaryshort term encampment, short term hospital, church",1
"militaryshort term encampment, untyped historic scatter",1
militaryshort term hospital,1
"militaryshort term hospital, CCC camp",1
"militaryshort term hospital, cemetery, church",1
"militaryshort term hospital, church",1
"militaryshort term hospital, headquarters, Urban house",1
"militaryshort term hospital, headquarters, rural domestic house",1
"militaryshort term hospital, home_industry_pottery, rural domestic farmstead",1
"militaryshort term hospital, mill_grist, rural domestic farmstead",1
"Commercial store, warehouse, Urban house",1
militarysignal station,1
"militarysignal station, rural domestic farmstead",1
"militarysmall battlefield, headquarters, Urban house",1
"militarysmall battlefield, long term encampment, headquarters, public cemetery",1
"militarysmall battlefield, medical_doctor's office, rural domestic_multiple features",1
"militaryshort term encampment, rural domestic plantation",1
"militaryshort term encampment, rural domestic house",1
"militarysmall battlefield, rural domestic house",1
"militaryshort term encampment, private cemetery",1
"militarymuster grounds, earthwork_entrenchment, large battlefield, long term encampment, signal station, house, road",1
"militarymuster grounds, inn, rural domestic house",1
militarypetroglyph,1
"militarypost, public cemetery, dump",1
"militaryredan, large battlefield, long term encampment, short term hospital, cemetery, boat landing",1
"militaryredan, rr guard post, long term encampment, short term hospital, headquarters, rural domestic farmstead, road",1
"militaryredoubt, long term encampment, headquarters",1
"militaryredoubt, rr guard post, headquarters",1
militaryroad,1
militaryrr bridge,1
"militaryrr guard post, bridge",1
"militaryrr guard post, long term encampment, mill_saw, distillery, fertilizer factory, rural domestic house",1
"militaryrr guard post, small battlefield, long term encampment",1
"militaryrr guard post, small battlefield, mill_saw, rural domestic house",1
"militaryrr guard post, small battlefield, short term hospital, college",1
"militaryshort term encampment, church",1
"militaryshort term encampment, internment center, airfield",1
"militaryshort term encampment, long term encampment",1
"militaryshort term encampment, long term encampment, ferry",1
"militarysmall battlefield, public cemetery",1
"militarysmall battlefield, short term encampment, rural domestic farmstead, private cemetery",1
"militarymultiple features, university",1
"millgrist, saw, feed",1
"millgrist, saw, stone quarry, store, post office, rural domestic farmstead",1
"millgrist, store, ferry",1
"millgrist, store, post office, farmstead",1
"millgrist, store, school",1
"millgrist, wagonmaking shop, commercial_store, town",1
"millindeterminate, road",1
"millindeterminate, rural domestic house",1
millpowder,1
"millsaw, blacksmith shop, tanyard, cotton gin, town",1
"millsaw, brickmaking, well",1
"millsaw, check dam",1
"millsaw, cobbling shop, store, post office, church, town, cemetery, boat landing, dam, road",1
"millsaw, cotton gin, store, town",1
"millsaw, rr depot",1
"millsaw, rural domestic farmstead",1
"millsaw, rural domestic house, well",1
"millsaw, rural domestic scatter",1
"millsaw, school",1
"millsaw, woolen, iron_forge, cotton gin, blacksmith shop, store, town",1
"millgrist, saw, stone quarry, rural domestic farmstead_multiple features",1
"millgrist, rural domestic untyped structure, other",1
"militarysmall battlefield, short term encampment, rural domestic springhouse, cistern, road, rock shelter",1
"millgrist, rural domestic untyped structure",1
"militarysmall battlefield, short term encampment, short term hosptal, cemetery",1
"militarysmall battlefield, short term hospital, cemetery, church,",1
"militarystockade, earthwork, redan, state capitol",1
"militarystockade, rr guard post, long term encampment,",1
"militarystockade, rr guard post, small battlefield, cemetery",1
millfeed,1
"millgrist, blacksmith shop, gunsmith, store, rural domestic farmstead",1
"millgrist, brick kiln, rural domestic house",1
"millgrist, cobbling shop, store",1
"millgrist, distillery",1
"millgrist, home industry_cotton gin",1
"millgrist, home industry_pottery",1
"millgrist, iron forge",1
"millgrist, lock-dam",1
"millgrist, mill_powder, moonshine still",1
"millgrist, mill_saw, blacksmith shop",1
"millgrist, mill_woolen, iron_forge",1
"millgrist, pump house",1
"millgrist, rural domestic scatter",1
"militarymuster grounds, Urban house",1
"militarylong term hospital, school",1
"militaryentrenchment, large battlefield, short term encampment",1
"militaryfort, earthwork, small battlefield",1
"militaryfort, entrenchment, artillery emplacement, large battlefield, long term encampment, explosive magazine, rural domestic house, public cemetery",1
"militaryfort, entrenchment, long term encampment",1
"militaryfort, entrenchment, lunette",1
"militaryfort, entrenchment, redoubt, long term encampment, explosive magazine, private cemetery",1
"militaryfort, entrenchment, redoubt, long term encampment, headquarters, mine_coal",1
"militaryfort, entrenchment, redoubt, small battlefield, long term encampment, signal station, explosive magazine, rural domestic house",1
"militaryfort, entrenchment, small battlefield, long term encampment, cemetery",1
"militaryfort, long term encampment, cemetery",1
"militaryfort, prison",1
"militaryfort, redoubt, rr guard post",1
"militaryfort, short term encampment",1
"militaryfort, small battlefield",1
"militaryfort, small battlefield, long term encampment, headquarters, Urban house",1
"militaryfort, stockade, redoubt, rr guard post, small battlefield, long term encampment, mill_saw",1
militaryfort_encampment_contraband_earthwork_cemetery,1
"militaryfrontier station, blacksmith shop, rural domestic house, private cemetery",1
"militaryfrontier station, blockhouse, cemetery, rural domestic farmstead",1
"militaryfrontier station, blockhouse, headquarters",1
"militaryfrontier station, blockhouse, mill_grist, bridge",1
"militaryfort, earthwork, small battlefield, long term encampment",1
"militaryfort, earthwork, rr guard post, long term encampment",1
"militaryfrontier station, blockhouse, small battlefield, cemetery, rural domestic house",1
"militaryfort, earthwork, rr guard post",1
"militaryentrenchment, large battlefield, short term hospital, headquarters, rural domestic farmstead, cotton gin",1
"militaryentrenchment, redan, long term encampment, headquarters, signal station, public cemetery",1
"militaryentrenchment, redoubt, long term encampment",1
"militaryentrenchment, redoubt, rr guard post",1
"militaryentrenchment, redoubt, small battlefield, long term encampment, Urban house, abandoned town, cemetery, rr depot",1
"militaryentrenchment, short term encampment, airfield, rural domestic house",1
"militaryentrenchment, short term encampment, short term hopsital",1
"militaryentrenchment, small battlefield, long term encampment, headquarters, rural domestic house",1
militaryexplosive magazine,1
"militaryfort, abandoned town, ferry",1
"militaryfort, earthwork, artillery emplacement, large battlefield",1
"militaryfort, earthwork, artillery emplacement, road",1
"militaryfort, earthwork, entrenchment, small battlefield, long term encampment",1
"militaryfort, earthwork, long term encampment",1
"militaryfort, earthwork, lunette",1
"militaryfort, earthwork, lunette, rr guard post",1
"militaryfort, earthwork, redoubt",1
"militaryfort, earthwork, redoubt, large battlefield",1
"militaryfort, earthwork, redoubt, long term encampment",1
"militaryfrontier station, blockhouse, private cemetery",1
"militaryfrontier station, courthouse",1
"militarylong term hospital, rural domestic house",1
"militarylarge battlefield, cemetery",1
"militarylarge battlefield, short term encampment, cemetery, isolated grave",1
"militarylarge battlefield, short term hospital, cemetery, rural domestic house",1
"militarylarge battlefield, short term hospital, cemetery, rural domestic plantation",1
"militarylarge battlefield, short term hospital, rural domestic farmstead",1
"militarylong term encampment, cemetery",1
"militarylong term encampment, headquarters, rural domestic house",1
"militarylong term encampment, headquarters, town",1
"militarylong term encampment, long term hospital, headquarters, Urban domestic house",1
"militarylong term encampment, mill_grist, blacksmith shop, store, rural domestic house",1
"militarylong term encampment, other",1
"militarylong term encampment, private cemetery",1
"militarylong term encampment, rural domestic house",1
"militarylong term encampment, rural domestic house, farmstead, private cemetery",1
"militarylong term encampment, shipyard",1
"militarylong term encampment, small battlefield, headquarters, rural domestic plantation",1
"militarylong term encampment, tavern, rural domestic farmstead",1
"militarylong term hopsital, university",1
"militarylong term hospital, cemetery, academy",1
"militarylong term hospital, headquarters, signal station, courthouse",1
"militarylarge battlefield, rural domestic house",1
militaryisolated grave,1
"militaryfrontier station, ferry",1
"militaryinternment center, long term hospital, headquarters, military post",1
"militaryfrontier station, fort, mill_grist",1
"militaryfrontier station, fort, rural domestic farmstead",1
"militaryfrontier station, fort, rural domestic house",1
"militaryfrontier station, large battlefield, short term hospital, inn, rural domestic farmstead",1
"militaryfrontier station, mill_grist, rural domestic house, cemetery",1
"militaryfrontier station, mill_grist, rural domestic house, private cemetery",1
"militaryfrontier station, muster grounds",1
"militaryfrontier station, private cemetery",1
"militaryfrontier station, rural domestic untyped structure",1
"militaryfrontier station, short term hospital, store, post office, rural domestic house",1
"militaryfrontier station, small battlefield",1
"militaryfrontier station, small battlefield, mill_grist",1
"militaryfrontier station, small battlefield, rural domestic farmstead",1
"militaryfrontier station, small battlefield, rural domestic farmstead, mill, cemetery",1
"militaryfrontier station, small battlefield, rural domestic house",1
"militaryheadquarters, Urban house",1
"militaryheadquarters, rural domestic plantation",1
"militaryheadquarters, university",1
militaryinternment center,1
untyped structure - stone,1
